{
  "n_total": 1792.0,
  "test_days": 180.0,
  "model": "cls",
  "vol_constraint_k": 0.6910350080579519,
  "vol_bench": 0.014406508613420703,
  "vol_strat": 0.01728781033458559,
  "vol_ratio": 1.1999999998945439,
  "sharpe_strat": -0.015461269569495237,
  "sharpe_bench": -0.5220894385010196,
  "mdd_strat": 0.2850800065346991,
  "mdd_bench": 0.2846902719494865,
  "acc_cls": 0.5055555555555555,
  "auc_cls": 0.504205838693716,
  "rmse_reg": NaN,
  "cum_return_strat": -0.02880865421486778,
  "cum_return_bench": -0.08562038900067237
}